# 2020-04-12 09:02:15 Translations: 866				
Nr	Translated	Id	Translation	English
1	N	analysis-page.changes	[Changes]	Changes
2	N	analysis-page.overview	[Overview]	Overview
3	N	analysis-page.title	[Analysis]	Analysis
4	N	analysis.by-location	[Explore by location]	Explore by location
5	N	analysis.by-network	[Explore by network]	Explore by network
6	N	analysis.location.search-by-name	[Search by name]	Search by name
7	N	analysis.location.select-from-tree	[Select from tree]	Select from tree
8	N	authenticate-page.title	Anmelden ...	Logging in...
9	Y	breadcrumb.analysis	Analyse	Analysis
10	Y	breadcrumb.changes	Änderungen	Changes
11	Y	breadcrumb.home	Start	Home
12	Y	breadcrumb.map	Karte	Map
13	Y	breadcrumb.network	Netzwerk	Network
14	Y	breadcrumb.node	Knoten	Node
15	Y	breadcrumb.node-changes	Knotenänderungen	Node changes
16	Y	breadcrumb.node-map	Knoten Karte	Node map
17	Y	breadcrumb.overview	Übersicht	Overview
18	Y	breadcrumb.replication	Replikation	Replication
19	Y	breadcrumb.route-changes	Routenänderungen	Route changes
20	Y	breadcrumb.route-details	Routendetails	Route details
21	Y	breadcrumb.route-map	Routenkarte	Route map
22	Y	breadcrumb.status	Status	Status
23	Y	breadcrumb.system	System	System
24	N	change-filter.legend	[impacted / all]	impacted / all
25	N	change-filter.title	[Filter]	Filter
26	N	change-set.header.achavi	[achavi]	achavi
27	N	change-set.header.analysis	[Analysis]	Analysis
28	N	change-set.header.analysis.happy	[This changeset brought improvements.]	This changeset brought improvements.
29	N	change-set.header.analysis.investigate	[Maybe this changeset is worth a closer look.]	Maybe this changeset is worth a closer look.
30	N	change-set.header.analysis.no-impact	[The changes do not seem to have an impact on the analysis result.]	The changes do not seem to have an impact on the analysis result.
31	N	change-set.header.change-set	[Changeset]	Changeset
32	N	change-set.header.comment	[Comment]	Comment
33	N	change-set.header.replication-number	[Minute diff]	Minute diff
34	N	change-set.network-changes.added-nodes	[Added non-network nodes]	Added non-network nodes
35	N	change-set.network-changes.added-relations	[Added non-route relations]	Added non-route relations
36	N	change-set.network-changes.added-ways	[Added ways]	Added ways
37	N	change-set.network-changes.network	[Network]	Network
38	N	change-set.network-changes.orphan-nodes-introduced	[Following nodes that used to be part of this network have become orphan]	Following nodes that used to be part of this network have become orphan
39	N	change-set.network-changes.orphan-routes-introduced	[Orphan routes added to this network]	Orphan routes added to this network
40	N	change-set.network-changes.removed-nodes	[Removed non-network nodes]	Removed non-network nodes
41	N	change-set.network-changes.removed-relations	[Removed non-route relations]	Removed non-route relations
42	N	change-set.network-changes.removed-ways	[Removed ways]	Removed ways
43	N	change-set.network-changes.updated-nodes	[Updated non-network nodes]	Updated non-network nodes
44	N	change-set.network-changes.updated-relations	[Updated non-route relations]	Updated non-route relations
45	N	change-set.network-changes.updated-ways	[Updated ways]	Updated ways
46	N	change-set.network-diffs.network-created	[Network created]	Network created
47	N	change-set.network-diffs.network-deleted	[Network deleted]	Network deleted
48	N	change-set.network-diffs.orphan-nodes-resolved	[Orphan nodes added to this network]	Orphan nodes added to this network
49	N	change-set.orphan-nodes	[Orphan node(s)]	Orphan node(s)
50	N	change-set.orphan-nodes.title	[Orphan nodes]	Orphan nodes
51	N	change-set.orphan-routes	[Orphan route(s)]	Orphan route(s)
52	N	change-set.orphan-routes.title	[Orphan routes]	Orphan routes
53	N	change-set.title	[Changeset]	Changeset
54	N	changes-page.login-required	[Deze informatie is enkel beschikbaar voor OpenStreetMap gebruikers, na .]	The details of the changes history are available to registered OpenStreetMap contributors only, after .
55	N	changes-page.title	[Changes]	Changes
56	N	changes.impact	[Impact]	Impact
57	N	changes.no-changes	[No changes]	No changes
58	Y	country.at	Österreich	Austria
59	Y	country.be	Belgien	Belgium
60	N	country.de	Deutschland	Germany
61	Y	country.fr	Frankreich	France
62	Y	country.nl	Niederlande	The Netherlands
63	Y	country.unsupported	Nicht unterstützt (nicht Belgien, Niederlande, Deutschland, Frankreich oder Österreich)	Unsupported (not Belgium, The Netherlands, Germany, France or Austria)
64	N	doc-link.go-to-documentation	[Go to documentation]	Go to documentation
65	Y	export.cancel	Abbrechen	Cancel
66	Y	export.default-pdf	Drucken (pdf)	Print (pdf)
67	Y	export.gpx	GPX-Datei	GPX file
68	Y	export.navigation-instructions-pdf	Navigationsanweisungen (pdf)	Navigation instructions (pdf)
69	Y	export.node-strip-pdf	Knotenstreifen (pdf)	Node strip (pdf)
70	Y	export.ok	OK	OK
71	Y	export.title	Exportieren	Export
72	N	fact-diffs.introduced-fact	[Introduced fact]	Introduced fact
73	N	fact-diffs.introduced-facts	[Introduced facts]	Introduced facts
74	N	fact-diffs.remaining-fact	[Remaining fact]	Remaining fact
75	N	fact-diffs.remaining-facts	[Remaining facts]	Remaining facts
76	N	fact-diffs.resolved-fact	[Resolved fact]	Resolved fact
77	N	fact-diffs.resolved-facts	[Resolved facts]	Resolved facts
78	N	fact-page.title	[All facts]	All facts
79	Y	fact.description-missing	[Beschreibung fehlt !!	description missing!!
80	Y	fact.description.added	Zur Analyse hinzugefügt.	Added to the analysis.
81	Y	fact.description.become-orphan	Ist verwaist.	Has become orphan.
82	Y	fact.description.deleted	Aus der OpenStreetMap-Datenbank gelöscht.	Deleted from the OpenStreetMap database.
83	Y	fact.description.integrity-check	Dieser Netzwerkknoten verfügt über ein Tag, das die erwartete Anzahl von Routen angibt, die in diesem Knoten ankommen/abfahren.	This network node has a tag that indicates the expected number of routes that arrive/depart in this node.
84	Y	fact.description.integrity-check-failed	"Die tatsächliche Anzahl der Routen stimmt nicht mit der erwarteten Anzahl der Routen überein. Routen mit dem Tag ""state"" gleich ""connection"" oder ""alternate"" werden nicht gezählt."	"The actual number of routes does not match the expected number of routes. Routes with tag ""state"" equal to ""connection"" or ""alternate"" are not counted."
85	Y	fact.description.lost-bicycle-node-tag	Dieser Knoten ist kein gültiger Fahrradnetzwerkknoten mehr, da das Tag rcn_ref entfernt wurde.	This node is no longer a valid bicylenetwork node because the rcn_ref tag has been removed.
86	Y	fact.description.lost-canoe-node-tag	Dieser Knoten ist kein gültiger Canoenetwork-Knoten mehr, da das Tag rpn_ref entfernt wurde.	This node is no longer a valid canoenetwork node because the rpn_ref tag has been removed.
87	Y	fact.description.lost-hiking-node-tag	Dieser Knoten ist kein gültiger Wandernetzwerkknoten mehr, da das Tag rwn_ref entfernt wurde.	This node is no longer a valid hikingnetwork node because the rwn_ref tag has been removed.
88	Y	fact.description.lost-horse-riding-node-tag	Dieser Knoten ist kein gültiger Reitnetzwerkknoten mehr, da das Tag rhn_ref entfernt wurde.	This node is no longer a valid horse riding network node because the rhn_ref tag has been removed.
89	Y	fact.description.lost-inline-skate-node-tag	Dieser Knoten ist kein gültiger Inline-Skating-Netzwerkknoten mehr, da das Tag rin_ref entfernt wurde.	This node is no longer a valid inline skating network node because the rin_ref tag has been removed.
90	Y	fact.description.lost-motorboat-node-tag	Dieser Knoten ist kein gültiger Motorboot-Netzwerkknoten mehr, da das Tag rmn_ref entfernt wurde.	This node is no longer a valid motorboatnetwork node because the rmn_ref tag has been removed.
91	Y	fact.description.lost-route-tags	Diese Relation ist keine gültige Netzwerkroute mehr, da ein erforderliches Tag entfernt wurde.	This relation is no longer a valid network route because a required tag has been removed.
92	Y	fact.description.name-missing	"Die Netzwerkbeziehung enthält nicht das obligatorische ""name"" Tag."	"The network relation does not contain the mandatory tag with key ""name""."
93	Y	fact.description.network-extra-member-node	"Die Netzwerkrelation enthält unerwartete Mitglieder vom Typ _""node""_ (wir erwarten nur Netzwerkknoten oder Informationskarten als Mitglieder in der Netzwerkrelation)."	"The network relation contains members of type _""node""_ that are unexpected (we expect only network nodes or information maps as members in the network relation)."
94	Y	fact.description.network-extra-member-relation	"Die Netzwerkrelation enthält unerwartete Mitglieder vom Typ _""relation""_ (wir erwarten nur gültige Routenrelationen oder Netzwerkknoten als Mitglieder in der Knotennetzwerkrelation)."	"The network relation contains members of type _""relation""_ that are unexpected (expect only valid route relations or network nodes as members in the node network relation)."
95	Y	fact.description.network-extra-member-way	"Die Netzwerkrelation enthält Mitglieder vom Typ _""way""_ (wir erwarten nur Routenrelationen oder Netzwerkknoten als Mitglieder in der Knotennetzwerkrelation)."	"The network relation contains members of type _""way""_ (expect only route relations or network nodes as members in the node network relation)."
96	Y	fact.description.node-member-missing	Der Knoten ist nicht Mitglied der Netzwerkrelation.	The node is not member of the network relation.
97	Y	fact.description.orphan-node	Dieser Knoten gehört nicht zu einem Netzwerk. Der Knoten wurde nicht als Mitglied zu einer gültigen Netzwerkbeziehung hinzugefügt und auch nicht als Mitglied zu einer gültigen Routenrelation (die selbst als Mitglied zu einer gültigen Netzwerkrelation hinzugefügt wurde oder eine verwaiste Route ist).	This node does not belong to a network. The node was not added as a member to a valid network relation, and also not added as a member to valid route relation (that itself was added as a member to a valid network relation or is an orphan route).
98	Y	fact.description.orphan-route	Diese Route gehört nicht zu einem Netzwerk. Die Route wurde nicht als Mitglied zu einer gültigen Netzwerkrelation hinzugefügt.	This route does not belong to a network. The route was not added as a member to a valid network relation.
99	Y	fact.description.route-analysis-failed	Die Route konnte nicht analysiert werden (zu komplex?).	The route could not be analyzed (too complex?).
100	Y	fact.description.route-broken	TODO	TODO
101	Y	fact.description.route-fixmetodo	"Die Routendefinition muss bearbeitet werden (hat das Tag _""fixmetodo""_)."	"Route definition needs work (has tag _""fixmetodo""_)."
102	Y	fact.description.route-incomplete	"Die Route ist als unvollständig definiert. Eine Routendefinition wird explizit als unvollständig markiert, indem ein Tag _""fixme""_ mit dem Wert _""incomplete""_ in die Routenrelation eingefügt wird."	"The route is marked as having an incomplete definition. A route definition is explicitely marked incomplete by adding a tag _""fixme""_ with value _""incomplete""_ in the route relation."
103	Y	fact.description.route-incomplete-ok	"Die Route ist als unvollständig definiert. Eine Routendefinition wird explizit als unvollständig markiert, indem ein Tag _""fixme""_ mit dem Wert _""incomplete""_ in die Routenrelation eingefügt wird. Aber nach der Analyse scheint die Route in Ordnung zu sein."	"The route is marked as having an incomplete definition. A route definition is explicitely marked incomplete by adding a tag _""fixme""_ with value _""incomplete""_ in the route relation. But after analysis, the route seems to be ok."
104	Y	fact.description.route-invalid-sorting-order	Die Route ist gültig, aber die Sortierreihenfolge der Wege ist falsch.	The route is valid, but the sorting order of the ways is incorrect.
105	Y	fact.description.route-name-missing	"Die Routerelation hat kein _""note""_ -Tag mit dem Routennamen."	"The route relation does not have a _""note""_ tag with the route name."
106	Y	fact.description.route-node-missing-in-ways	Der Endknoten und / oder der Startknoten werden auf keiner der Wege dieser Route gefunden.	The end node and/or the begin node is not found in any of the ways of this route.
107	Y	fact.description.route-node-name-mismatch	Der Routenname im Tag _note_ in der Routenrelation stimmt nicht mit dem erwarteten Namen überein, der vom Start- und Endknoten der Route abgeleitet wurde.	The route name in the _note_ tag in the route relation does not match the expected name as derived from the start and end node of the route.
108	Y	fact.description.route-not-backward	Es gibt keinen Pfad in Rückwärtsrichtung (vom Endknoten zum Startknoten).	There is no path in the backward direction (from end node to start node).
109	Y	fact.description.route-not-continious	Die Route ist unterbrochen: Der Start- und das Endnetzwerkknoten können weder in Vorwärtsrichtung noch in Rückwärtsrichtung oder in beiden Richtungen miteinander verbunden werden.	The route is broken: the begin- and end-networknodes cannot be connected through ways either in the forward direction or the backward direction or both.
110	Y	fact.description.route-not-forward	Es gibt keinen Pfad in Vorwärtsrichtung (vom Startknoten zum Endknoten).	There is no path in the forward direction (from start node to end node).
111	Y	fact.description.route-not-one-way	Die Route wird als nur in einer Richtung verwendbar markiert, aber die Analyselogik findet Wege in beide Richtungen.	The route is tagged as useable in one direction only, but the analysis logic does find ways in both directions.
112	Y	fact.description.route-one-way	Die Route ist nur in einer Richtung als verwendbar gekennzeichnet. Das ist in Ordnung.	The route is tagged as useable in one direction only. This is OK.
113	Y	fact.description.route-overlapping-ways	Es wird keine detaillierte Routenanalyse durchgeführt, da die Route überlappende Wege enthält.	No detailed route analysis is performed because the route contains overlapping ways.
114	Y	fact.description.route-redundant-nodes	Die Wege dieser Route enthalten zusätzliche Knoten außer den Start- und Endknoten.	The ways of this route contain extra nodes other than the start and end nodes.
115	Y	fact.description.route-suspicious-ways	Route mit verdächtige Wege (zum Beispiel Wege mit nur 1 Knoten).	Route with funny ways (for example ways with only 1 node).
116	Y	fact.description.route-tag-invalid	"Ungültiger Wert im erforderlichen Tag _""route""_ in der Routenbeziehung. Eine Fahrradrouterelation muss den Wert _""bicycle""_ in ihrem _""route""_ Tag haben. Eine Wanderrouterelation muss einen der folgenden Werte in ihrem _""route""_ Tag haben: _""foot""_, _""hiking""_, oder _""walking""_. Beachten Sie, dass _""walking""_ ein Wert ist, der häufig gefunden wird, aber auf den OSM-Wiki-Seiten nicht als gültiger Wert dokumentiert ist."	"Invalid value in required tag _""route""_ in route relation. A bicycle route relation needs to have value _""bicycle""_ in its _""route""_ tag. A hiking route relation needs to have one of the following values in its _""route""_ tag: _""foot""_, _""hiking""_, or _""walking""_. Note that _""walking""_ is a value that is frequently found, but not actually documented as a valid value in the OSM wiki pages."
117	Y	fact.description.route-tag-missing	Die Routerelation enthält nicht das erforderliche _route_ Tag.	Routerelation does not contain the required _route_ tag.
118	Y	fact.description.route-unaccessible	Ein Teil der Route scheint nicht [zugänglich](/en/docs/en.html#_accessible) zu sein.	Part of the route does not seem [accessible](/en/docs/en.html#_accessible).
119	Y	fact.description.route-unexpected-node	Die Routerelation enthält einen oder mehrere unerwartete Knoten	The route relation contains 1 or more unexpected nodes
120	Y	fact.description.route-unexpected-relation	"Die Routerelation enthält ein oder mehrere unerwartete Mitglieder. In Routerelationen erwarten wir nur Mitglieder vom Typ _""way""_ oder Mitglieder vom Typ _""node""_ mit einem Tag _""rwn_ref""_ oder _""rcn_ref""_."	"The route relation contains one or more unexpected relation members. In route relations we expect only members of type _""way""_, or members of type _""node""_ with a tag _""rwn_ref""_ or _""rcn_ref""_."
121	Y	fact.description.route-unused-segments	Die Route enthält Wege oder Teile von Wegen, die in der Verbindung zwischen den Endknoten nicht verwendet werden.	The route contains ways or part of ways that are not used in the connection between the end nodes.
122	Y	fact.description.route-without-ways	Die Route enthält keine Wege (wir erwarten, dass die Route mindestens einen Weg enthält).	The route does not contain any ways (we expect the route to contain at least 1 way).
123	Y	fact.description.was-orphan	Keine Waise mehr.	No longer an orphan.
124	Y	fact.name.added	Added	Added
125	Y	fact.name.become-orphan	BecomeOrphan	BecomeOrphan
126	Y	fact.name.deleted	Deleted	Deleted
127	Y	fact.name.integrity-check	IntegrityCheck	IntegrityCheck
128	Y	fact.name.integrity-check-failed	IntegrityCheckFailed	IntegrityCheckFailed
129	Y	fact.name.lost-bicycle-node-tag	LostBicycleNodeTag	LostBicycleNodeTag
130	Y	fact.name.lost-hiking-node-tag	LostHikingNodeTag	LostHikingNodeTag
131	Y	fact.name.lost-route-tags	LostRouteTags	LostRouteTags
132	Y	fact.name.name-missing	NameMissing	NameMissing
133	Y	fact.name.network-extra-member-node	NetworkExtraMemberNode	NetworkExtraMemberNode
134	Y	fact.name.network-extra-member-relation	NetworkExtraMemberRelation	NetworkExtraMemberRelation
135	Y	fact.name.network-extra-member-way	NetworkExtraMemberWay	NetworkExtraMemberWay
136	Y	fact.name.node-member-missing	NodeMemberMissing	NodeMemberMissing
137	Y	fact.name.orphan-node	OrphanNode	OrphanNode
138	Y	fact.name.orphan-route	OrphanRoute	OrphanRoute
139	Y	fact.name.route-analysis-failed	RouteAnalysisFailed	RouteAnalysisFailed
140	Y	fact.name.route-broken	RouteBroken	RouteBroken
141	Y	fact.name.route-fixmetodo	RouteFixmetodo	RouteFixmetodo
142	Y	fact.name.route-incomplete	RouteIncomplete	RouteIncomplete
143	Y	fact.name.route-incomplete-ok	RouteIncompleteOk	RouteIncompleteOk
144	Y	fact.name.route-invalid-sorting-order	RouteInvalidSortingOrder	RouteInvalidSortingOrder
145	Y	fact.name.route-name-missing	RouteNameMissing	RouteNameMissing
146	Y	fact.name.route-node-missing-in-ways	RouteNodeMissingInWays	RouteNodeMissingInWays
147	Y	fact.name.route-node-name-mismatch	RouteNodeNameMismatch	RouteNodeNameMismatch
148	Y	fact.name.route-not-backward	RouteNotBackward	RouteNotBackward
149	Y	fact.name.route-not-continious	RouteNotContinious	RouteNotContinious
150	Y	fact.name.route-not-forward	RouteNotForward	RouteNotForward
151	Y	fact.name.route-not-one-way	RouteNotOneWay	RouteNotOneWay
152	Y	fact.name.route-one-way	RouteOneWay	RouteOneWay
153	Y	fact.name.route-overlapping-ways	RouteOverlappingWays	RouteOverlappingWays
154	Y	fact.name.route-redundant-nodes	RouteRedundantNodes	RouteRedundantNodes
155	Y	fact.name.route-reversed	RouteReversed	RouteReversed
156	Y	fact.name.route-suspicious-ways	RouteSuspiciousWays	RouteSuspiciousWays
157	Y	fact.name.route-tag-invalid	RouteTagInvalid	RouteTagInvalid
158	Y	fact.name.route-tag-missing	RouteTagMissing	RouteTagMissing
159	Y	fact.name.route-unaccessible	RouteUnaccessible	RouteUnaccessible
160	Y	fact.name.route-unexpected-node	RouteUnexpectedNode	RouteUnexpectedNode
161	Y	fact.name.route-unexpected-relation	RouteUnexpectedRelation	RouteUnexpectedRelation
162	Y	fact.name.route-unused-segments	RouteUnusedSegments	RouteUnusedSegments
163	Y	fact.name.route-without-ways	RouteWithoutWays	RouteWithoutWays
164	Y	fact.name.was-orphan	WasOrphan	WasOrphan
165	N	facts.none	[None]	None
166	N	filter.title	[Filter]	Filter
167	Y	footer.contact	Kontakt	contact
168	Y	footer.documentation	Dokumentation	documentation
169	Y	footer.issues	Probleme	issues
170	Y	footer.status	Status	status
171	N	history-incomplete.warning	[Older changes cannot be shown. The history in the analysis database does not go beyond]	Older changes cannot be shown. The history in the analysis database does not go beyond 2012-09-12 ( License change ).
172	Y	home.analysis	Analyse	Analysis
173	Y	home.map	Karte	Map
174	Y	home.page-title	Knotennetzwerke	Node networks
175	N	integrity-indicator.gray.text	[This network node does not have an tag. This is OK because the use of this tag is optional.]	"This network node does not have an _""""_ tag. This is OK because the use of this tag is optional."
176	N	integrity-indicator.gray.title	[OK - expected route count missing]	OK - expected route count missing
177	N	integrity-indicator.green.text	[The number of routes found in this network node () does match the expected number of routes () as defined in the tag on this node.]	"The number of routes found in this network node () does match the expected number of routes () as defined in the _""""_ tag on this node. This is what we expect."
178	N	integrity-indicator.green.title	[OK - expected route count]	OK - expected route count
179	N	integrity-indicator.letter	[E]	E
180	N	integrity-indicator.red.text	[The number of routes found in this network node () does not match the expected number of routes () as defined in the tag on this node.]	"The number of routes found in this network node () does not match the expected number of routes () as defined in the _""""_ tag on this node."
181	N	integrity-indicator.red.title	[NOK - unexpected route count]	NOK - unexpected route count
182	Y	link.logout	Abmelden	logout
183	Y	links.edit	bearbeiten	edit
184	N	location-changes.title	[Changes]	Changes
185	N	location-facts.none	[None]	None
186	N	location-facts.title	[Facts]	Facts
187	N	location-map.title	[Map]	Map
188	N	location-nodes.no-nodes	[No nodes]	No nodes
189	N	location-nodes.no-routes	[no routes]	no routes
190	N	location-nodes.table.analysis	[Analysis]	Analysis
191	N	location-nodes.table.last-edit	[Last edit]	Last edit
192	N	location-nodes.table.node	[Node]	Node
193	N	location-nodes.table.nr	[Nr]	Nr
194	N	location-nodes.table.routes	[Routes]	Routes
195	N	location-nodes.title	[Nodes]	Nodes
196	N	location-page.header	[in]	in
197	Y	location-page.menu.changes	Änderungen	Changes
198	Y	location-page.menu.facts	Facten	Facts
199	Y	location-page.menu.map	Karte	Map
200	Y	location-page.menu.nodes	Knoten	Nodes
201	Y	location-page.menu.routes	Routen	Routes
202	N	location-routes.no-routes	[No routes]	No routes
203	N	location-routes.table.broken	[Broken]	Broken
204	N	location-routes.table.distance	[Distance]	Distance
205	N	location-routes.table.distance.value	[m]	m
206	N	location-routes.table.last-edit	[Last edit]	Last edit
207	N	location-routes.table.nr	[Nr]	Nr
208	N	location-routes.table.route	[Route]	Route
209	N	location-routes.title	[Routes]	Routes
210	N	location.location-not-found	[Location not found]	Location not found
211	N	location.selector.button	[Location overview]	Location overview
212	N	location.selector.input.place-holder	[enter municipality or other administrative boundary name]	enter municipality or other administrative boundary name
213	N	location.tree.all	[All]	All
214	N	location.tree.collapse-all	[Collapse all]	Collapse all
215	N	location.tree.expand-all	[Expand all]	Expand all
216	N	location.tree.in-use-only	[In use only]	In use only
217	Y	login	Anmelden	login
218	Y	login.note.1	Mit der Anmeldung können Sie zusätzliche Informationen anzeigen, z. B. Änderungssatzdetails, Netzwerk-, Routen- und Knoten-Änderungen.	Login allows you to view extra information, such as changeset details, network history, route history and node history.
219	Y	login.note.2	Diese Informationen stehen nur registrierten OpenStreetMap-Benutzern zur Verfügung.	This information is available to registered OpenStreetMap users only.
220	Y	login.note.3	"Nachdem Sie unten auf die Schaltfläche ""Anmelden"" geklickt haben, werden Sie (über die OpenStreetMap-Anmeldeseite, wenn Sie noch nicht bei OpenStreetMap angemeldet sind) zur OpenStreetMap-Seite ""Zugriff auf Ihr Konto autorisieren"" weitergeleitet. Klicken Sie auf die Schaltfläche ""Zugriff gewähren"" (lassen Sie die Option ""Benutzereinstellungen lesen"" aktiviert)."	"After clicking the ""login"" button below, you will be directed (via the OpenStreetMap login page if you are not logged in to OpenStreetMap yet) to the OpenStreetMap page ""Authorize access to your account"". Click the button ""Grant access"" (leave the option ""read your user preferences"" checked)."
221	Y	login.note.4	Die knooppuntnet-Anwendung liest nur Ihren Benutzernamen aus den Benutzereinstellungen, um festzustellen, dass Sie ein registrierter OpenStreetMap-Benutzer sind. Alle anderen Benutzereinstellungen werden ignoriert und nicht in knooppuntnet gespeichert.	The knooppuntnet application only reads your username from the user preferences to establish that you are a registered OpenStreetMap user. All other user preferences are ignored, and not stored in knooppuntnet.
222	Y	login.note.5	Diese Anmeldeprozedur verwendet die OpenStreetMap-Sicherheit. Knooppuntnet hat zu keinem Zeitpunkt Zugriff auf Ihr Passwort.	This login procedure uses OpenStreetMap security. Knooppuntnet does not have access to your password at any moment.
223	Y	login.note.6	Sie bleiben angemeldet (auch nach dem Schließen Ihres Browsers), bis Sie sich explizit über die Abmeldeseite abmelden. Um sich nach dem Abmelden erneut anzumelden, müssen Sie das gleiche Anmeldeverfahren erneut verwenden.	You remain logged in (also after closing you browser), until you explicitly logout through the logout page. To login again after logout you will have to use the same login procedure again.
224	Y	login.submit	Anmelden	Login
225	Y	login.title	Anmelden	Login
226	Y	logout.logged-in	Sie sind derzeit als angemeldet.	You are currently logged in as .
227	Y	logout.login-comment	Sie können sich anmelden, um zusätzliche Informationen anzuzeigen, die nur Benutzern zur Verfügung stehen.	You can login to view extra information that is available to users only.
228	Y	logout.not-logged-in	Sie sind nicht angemeldet.	You are not logged in.
229	Y	logout.note.1	Hiermit können Sie zusätzliche Informationen anzeigen, die nur OpenStreetMap-Benutzern zur Verfügung stehen.	This allows you to view extra information that is available to OpenStreetMap users only.
230	Y	logout.note.2	Nach dem Abmelden können Sie diese Website weiterhin nutzen. Die zusätzlichen Informationen wie Änderungssätze, Netzwerkänderungen, Routenänderungen und Knotenänderungen werden jedoch nicht mehr angezeigt. Ihre persönliche OpenStreetMap enthält diese Anwendung weiterhin. Die Anwendung kann sicher widerrufen werden. Die Autorisierung wird nicht mehr verwendet. Beim erneuten Anmelden wird eine neue Berechtigung erstellt.	After logging out you can continue to use this website. However, the additional information such as changesets, network changes, route changes and node changes will not be visible anymore. Your personal OpenStreetMap will still contain this application. The application can safely be revoked. The authorization will not be used anymore. A new authorization will be created when logging in again.
231	Y	logout.submit	Abmelden	Logout
232	Y	logout.title	Abmelden	Logout
233	Y	map.end-node	Endknoten	End node
234	Y	map.end-tentacle-node	End Tentakelknoten	End tentacle node
235	Y	map.layer.added	Hinzugefügt	Added
236	Y	map.layer.backward-route	Rückwärtsroute	Backward route
237	Y	map.layer.boundary	Grenze	Boundary
238	Y	map.layer.canoe	Kanu	Canoe
239	Y	map.layer.cycling	Radfahren	Cycling
240	Y	map.layer.deleted	Gelöscht	Deleted
241	Y	map.layer.end-tentacle	End Tentakel	End tentacle
242	Y	map.layer.forward-route	Vorwärtsroute	Forward route
243	Y	map.layer.hiking	Wandern	Hiking
244	Y	map.layer.horse-riding	Reiten	Horse riding
245	Y	map.layer.inline-skating	Inline-Skaten	Inline Skating
246	Y	map.layer.motorboat	Motorboot	Motorboat
247	Y	map.layer.node	Knoten	Node
248	Y	map.layer.nodes	Knoten	Nodes
249	Y	map.layer.nodes-and-routes	Knoten und Routen	Nodes and routes
250	Y	map.layer.osm	OpenStreetMap	OpenStreetMap
251	Y	map.layer.other-routes	Andere Routen	Other routes
252	Y	map.layer.start-tentacle	Start Tentakel	Start tentacle
253	Y	map.layer.unchanged	Unverändert	Unchanged
254	Y	map.layer.unused	Nicht verwendet	Unused
255	Y	map.node-popup.more-details	Weitere Details	More details
256	Y	map.node-popup.network	Netzwerk	Network
257	Y	map.node-popup.networks	Netzwerke	Networks
258	N	map.node-popup.no-networks	Keine	None
259	Y	map.node-popup.routes	Routen	Routes
260	Y	map.node-popup.routes.none	Keine	None
261	Y	map.node-popup.title	Knoten	Node
262	Y	map.redundant-node	Redundanter Knoten	Redundant node
263	Y	map.route-popup.more-details	Weitere Details	More details
264	Y	map.route-popup.network	Netzwerk	Network
265	Y	map.route-popup.networks	Netzwerke	Networks
266	Y	map.route-popup.no-networks	Keine	None
267	Y	map.route-popup.title	Route	Route
268	Y	map.start-node	Startknoten	Start node
269	Y	map.start-tentacle-node	Start Tentakelknoten	Start tentacle node
270	N	network-changes.login-required	[The network history is available to registered OpenStreetMap contributors only, after]	The details of network changes history are available to registered OpenStreetMap contributors only, after .
271	N	network-changes.network-created	[Network created]	Network created
272	N	network-changes.network-deleted	[Network deleted]	Network deleted
273	N	network-changes.network-nodes.added	[Added node(s)]	Added node(s)
274	N	network-changes.network-nodes.removed	[Removed network node(s)]	Removed network node(s)
275	N	network-changes.network-nodes.updated	[Updated network node(s)]	Updated network node(s)
276	N	network-changes.network-not-found	[Network not found]	Network not found
277	N	network-changes.network-relation-updated	[Updated network relation]	Updated network relation
278	N	network-changes.nodes.added	[Added non-network node member(s) in network relation]	Added non-network node member(s) in network relation
279	N	network-changes.nodes.removed	[Removed non-network node member(s) from network relation]	Removed non-network node member(s) from network relation
280	N	network-changes.nodes.updated	[Updated non-network node(s)]	Updated non-network node(s)
281	N	network-changes.relations.added	[Added non-route relation(s) in network relation]	Added non-route relation(s) in network relation
282	N	network-changes.relations.removed	[Removed non-route relation(s) from network relation]	Removed non-route relation(s) from network relation
283	N	network-changes.relations.updated	[Updated non-route relation(s)]	Updated non-route relation(s)
284	N	network-changes.routes.added	[Added route(s)]	Added route(s)
285	N	network-changes.routes.removed	[Removed route(s)]	Removed route(s)
286	N	network-changes.routes.updated	[Updated route(s)]	Updated route(s)
287	N	network-changes.title	[Changes]	Changes
288	N	network-changes.ways.added	[Added way member(s) in network relation]	Added way member(s) in network relation
289	N	network-changes.ways.removed	[Removed way member(s) from network relation]	Removed way member(s) from network relation
290	N	network-changes.ways.updated	[Updated way member(s)]	Updated way member(s)
291	N	network-details.contains-broken-routes	[This network contains broken (non-continuous) routes.]	This network contains broken (non-continuous) routes.
292	N	network-details.country	[Country]	Country
293	N	network-details.last-updated	[Last updated]	Last updated
294	N	network-details.network-not-found	[Network not found]	Network not found
295	N	network-details.nodes	[nodes]	nodes
296	N	network-details.not-active	[Not active]	This network is not active anymore.
297	N	network-details.relation-last-updated	[Relation last updated]	Relation last updated
298	N	network-details.routes	[routes]	routes
299	N	network-details.situation-on	[Situation on]	Situation on
300	N	network-details.summary	[Summary]	Summary
301	N	network-details.tags	[Tags]	Tags
302	N	network-details.title	[Details]	Details
303	N	network-facts.checks-table.actual	[Actual]	Actual
304	N	network-facts.checks-table.expected	[Expected]	Expected
305	N	network-facts.checks-table.node	[Node]	Node
306	N	network-facts.checks-table.title	[node integrity check failures]	node integrity check failures
307	N	network-facts.network-not-found	[Network not found]	Network not found
308	N	network-facts.no-facts	[No facts]	No facts
309	N	network-facts.node	[Node:]	Node:
310	N	network-facts.nodes	[Nodes:]	Nodes:
311	N	network-facts.route	[Route:]	Route:
312	N	network-facts.routes	[Routes:]	Routes:
313	N	network-facts.title	[Facts]	Facts
314	N	network-indicator.gray.text	"[This node is not included as a member in the network relation. This is OK. This node must belong to a different network, because all routes to this node within this network have the role ""connection"" in the network relation.]"	"This node is not included as a member in the network relation. This is OK. This node must belong to a different network, because all routes to this node within this network have the role ""connection"" in the network relation."
315	N	network-indicator.gray.title	[OK - Not defined in network relation]	OK - Not defined in network relation
316	N	network-indicator.green.text	[This node is included as a member in the network relation. This is what we expect.]	This node is included as a member in the network relation. This is what we expect.
317	N	network-indicator.green.title	[OK - Defined in network relation]	OK - Defined in network relation
318	N	network-indicator.letter	[N]	N
319	N	network-indicator.orange.text	"[This node is included as a member in the network relation. We did not expect this, because all routes to this node have role ""connection"". This would mean that the node is part of another network. We expect that the node is not included in the network relation, unless it receives the role ""connection"".]"	"This node is included as a member in the network relation. We did not expect this, because all routes to this node have role ""connection"". This would mean that the node is part of another network. We expect that the node is not included in the network relation, unless it receives the role ""connection""."
320	N	network-indicator.orange.title	[Unexpected - Defined in network relation]	Unexpected - Defined in network relation
321	N	network-indicator.red.text	"[This node is not included as a member in the network relation. This is not OK. The convention is to include each node in the network relation. An exception is when the node belongs to another network (all routes to this node have role ""connection"" in the network relation), then the node does not have to be included as member in the network relation. The node can be added the network relation, but should get the role ""connection"" in that case.]"	"This node is not included as a member in the network relation. This is not OK. The convention is to include each node in the network relation. An exception is when the node belongs to another network (all routes to this node have role ""connection"" in the network relation), then the node does not have to be included as member in the network relation. The node can be added the network relation, but should get the role ""connection"" in that case."
322	N	network-indicator.red.title	[NOK - Not defined in network relation]	NOK - Not defined in network relation
323	N	network-map.title	[Map]	Map
324	N	network-nodes.network-not-found	[Network not found]	Network not found
325	N	network-nodes.no-nodes	[No network nodes in network]	No network nodes in network
326	N	network-nodes.no-routes	[no routes]	no routes
327	N	network-nodes.table.analysis	[Analysis]	Analysis
328	N	network-nodes.table.last-edit	[Last edit]	Last edit
329	N	network-nodes.table.node	[Node]	Node
330	N	network-nodes.table.nr	[Nr]	Nr
331	N	network-nodes.table.routes	[Routes]	Routes
332	N	network-nodes.title	[Nodes]	Nodes
333	Y	network-page.menu.changes	Änderungen	Changes
334	Y	network-page.menu.details	Details	Details
335	Y	network-page.menu.facts	Fakten	Facts
336	Y	network-page.menu.map	Karte	Map
337	Y	network-page.menu.nodes	Knoten	Nodes
338	Y	network-page.menu.routes	Routen	Routes
339	N	network-routes.network-not-found	[Network not found]	Network not found
340	N	network-routes.no-routes	[No network routes in network]	No network routes in network
341	N	network-routes.table.analysis	[Analysis]	Analysis
342	N	network-routes.table.last-edit	[Last edit]	Last edit
343	N	network-routes.table.node	[Route]	Route
344	N	network-routes.table.nr	[Nr]	Nr
345	N	network-routes.title	[Routes]	Routes
346	Y	network-type.canoe	Kanu	Canoe
347	Y	network-type.cycling	Radfahren	Cycling
348	Y	network-type.hiking	Wandern	Hiking
349	Y	network-type.horse-riding	Reiten	Horse riding
350	Y	network-type.inline-skating	Inline-Skating	Inline Skating
351	Y	network-type.motorboat	Motorboot	Motorboat
352	N	node-change.added-to-network	[Added to network]	Added to network
353	N	node-change.added-to-network-relation	[Added to network relation]	Added to network relation
354	N	node-change.added-to-route	[Added to route]	Added to route
355	N	node-change.belongs-to-another-network	[This node belongs to another network]	This node belongs to another network
356	N	node-change.lost-role-connection-in-network-relation	"[This node no longer has role ""connection"" in the network relation]"	"This node no longer has role ""connection"" in the network relation"
357	N	node-change.moved.less-than-1-meter	[The node has moved less than 1 meter.]	The node has moved less than 1 meter.
358	N	node-change.moved.meters	[The node has moved meters.]	The node has moved meters.
359	N	node-change.moved.note.1	[Note: Node position is shown as it was at]	Note: Node position is shown as it was at
360	N	node-change.moved.note.2	[while the map background is shown as it is today.]	, while the map background is shown as it is today.
361	N	node-change.no-longer-belongs-to-another-network	[This node no longer belongs to another network]	This node no longer belongs to another network
362	N	node-change.received-role-connection-in-network-relation	"[This node received role ""connection"" in the network relation]"	"This node received role ""connection"" in the network relation"
363	N	node-change.removed-from-network	[Removed from network]	Removed from network
364	N	node-change.removed-from-network-relation	[Removed from network relation]	Removed from network relation
365	N	node-change.removed-from-route	[Removed from route]	Removed from route
366	N	node-connection-indicator.blue.text	"[This node is a connection to another network. All routes to this node have the role ""connection"" in the network relation.]"	"This node is a connection to another network. All routes to this node have the role ""connection"" in the network relation."
367	N	node-connection-indicator.blue.title	[OK - Connection]	OK - Connection
368	N	node-connection-indicator.gray.text	"[This node is not a connection to another network. The node would have been considered as a connection to another network if all routes to this node within the network had role ""connection"" in the network relation.]"	"This node is not a connection to another network. The node would have been considered as a connection to another network if all routes to this node within the network had role ""connection"" in the network relation."
369	N	node-connection-indicator.gray.title	[OK - No connection]	OK - No connection
370	N	node-connection-indicator.letter	[C]	C
371	N	node-diffs-added.change-set-created	[Created in this changeset.]	Created in this changeset.
372	N	node-diffs-added.change-set-existing	[Existing node]	Existing node
373	N	node-diffs-added.change-set-updated	[Updated in this changeset.]	Updated in this changeset.
374	N	node-diffs-added.title	[Added network nodes]	Added network nodes
375	N	node-diffs-removed.title	[Removed network nodes]	Removed network nodes
376	N	node-diffs-updated.existing-node	[Existing node]	Existing node
377	N	node-diffs-updated.node-changed	[Node change to]	Node change to
378	N	node-diffs-updated.title	[Updated network nodes]	Updated network nodes
379	N	node.details-sidebar.tip	[TIP: click on other nodes or routes in the map to go to the details of these nodes or routes.]	TIP: click on other nodes or routes in the map to go to the details of these nodes or routes.
380	N	node.facts	[Facts]	Facts
381	N	node.inactive	[This network node is not active anymore.]	This network node is not active anymore.
382	N	node.last-updated	[Last updated]	Last updated
383	N	node.location	[Location]	Location
384	N	node.location.none	[None]	None
385	N	node.login-required	[The node history is available to registered OpenStreetMap contributors only, after]	The details of the node changes history is available to registered OpenStreetMap contributors only, after .
386	Y	node.menu.changes	Änderungen	Changes
387	Y	node.menu.details	Details	Details
388	Y	node.menu.map	Karte	Map
389	N	node.network-references.none	[None]	None
390	N	node.network.integrity-check-failed	[Integritycheck failed: expected routes, but found .]	Integritycheck failed: expected routes, but found .
391	N	node.network.integrity-check-ok	[Expected number of routes () matches the number of routes found.]	Expected number of routes () matches the number of routes found.
392	N	node.network.network-member	[This node is included as member in the networkrelation.]	This node is included as member in the networkrelation.
393	N	node.network.not-network-member	[This node is not included as member in the networkrelation.]	This node is not included as member in the networkrelation.
394	N	node.network.not-network-member-invalid	"[This node is not included as member in the networkrelation: the _""""_ tag does not apply to this netwerk.]"	"This node is not included as member in the networkrelation: the _""""_ tag does not apply to this netwerk."
395	N	node.network.role-connection	"[This node has the role _""connection""_ in the networkrelation.]"	"This node has the role _""connection""_ in the networkrelation."
396	N	node.networks	[Networks]	Networks
397	N	node.node	[network node]	network node
398	N	node.node-not-found	[Node not found]	Node not found
399	N	node.orphan	[This network node does not belong to a known node network (orphan).]	This network node does not belong to a known node network (orphan).
400	N	node.orphan-route-references.none	[None]	None
401	N	node.orphan-routes	[Orphan routes]	Orphan routes
402	N	node.situation-on	[Situation on]	Situation on
403	N	node.summary	[Summary]	Summary
404	N	node.tags	[Tags]	Tags
405	N	node.title	[Node]	Node
406	N	node.unchanged	[(Unchanged)]	(Unchanged)
407	N	node.version	[Version]	Version
408	Y	not-found.title	Nicht gefunden	Not found
409	Y	osm-link.oath-clients	Liste der autorisierten Anwendungen	list of authorised applications
410	N	overview-page.title	[Overview]	Overview
411	Y	overview-table.comment	Kommentar	Comment
412	Y	overview-table.detail	Detail	Detail
413	Y	overview-table.total	Insgesamt	Total
414	N	overview.total	[Total]	Total
415	Y	paginator.first-page-label	Erste Seite	First page
416	Y	paginator.from	von	of
417	Y	paginator.items-per-page-label	Elemente pro Seite	Items per page
418	Y	paginator.last-page-label	Letzte Seite	Last page
419	Y	paginator.next-page-label	Nächste Seite	Next page
420	Y	paginator.previous-page-label	Vorherige Seite	Previous page
421	Y	plan.command.continue	Weiter	Continue
422	Y	plan.command.continue.street	Weiter auf	Continue on
423	Y	plan.command.turn-left	Biegen Sie links ab	Turn left
424	Y	plan.command.turn-left.street	Biegen Sie links ab auf	Turn left onto
425	Y	plan.command.turn-right	Biegen Sie rechts ab	Turn right
426	Y	plan.command.turn-right.street	Biegen Sie rechts ab auf	Turn right onto
427	Y	plan.command.turn-sharp-left	Scharf nach links	Sharp left
428	Y	plan.command.turn-sharp-left.street	Scharf links auf	Sharp left onto
429	Y	plan.command.turn-sharp-right	Scharf rechts	Sharp right
430	Y	plan.command.turn-sharp-right.street	Scharf nach rechts auf	Sharp right onto
431	Y	plan.command.turn-slight-left	Leicht nach links	Slight left
432	Y	plan.command.turn-slight-left.street	Leicht links auf	Slight left onto
433	Y	plan.command.turn-slight-right	Leicht rechts	Slight right
434	Y	plan.command.turn-slight-right.street	Leicht rechts auf	Slight right onto
435	Y	plan.distance	Entfernung	Distance
436	Y	plan.head	Gehe	Head
437	Y	plan.heading.east	Osten	east
438	Y	plan.heading.north	Norden	north
439	Y	plan.heading.north-east	Nordosten	north-east
440	Y	plan.heading.north-west	Nordwesten	north-west
441	Y	plan.heading.south	Süden	south
442	Y	plan.heading.south-east	Südosten	south-east
443	Y	plan.heading.south-west	Südwesten	south-west
444	Y	plan.heading.west	West	west
445	Y	plan.onto	auf	onto
446	Y	planner.appearance-options	Optionen für das Erscheinungsbild der Karte	Map appearance options
447	Y	planner.compact	Kompakt	Compact
448	Y	planner.detailed	Detailliert	Detailed
449	Y	planner.export	Exportieren	Export
450	Y	planner.instructions	Anweisungen	Instructions
451	Y	planner.legend	Legende	Legend
452	Y	planner.map	Karte	Map
453	Y	planner.pois.default	Standard	Default
454	Y	planner.pois.enabled	Punkte von Interesse auf der Karte anzeigen	Show points of interest on the map
455	Y	planner.pois.enabled-disabled	(Aktiviert/Deaktiviert)	(Enabled/Disabled)
456	Y	planner.pois.hide-all	Alle verstecken	Hide all
457	Y	planner.pois.reset	Konfiguration auf Standard zurücksetzen	Reset configuration to default
458	Y	planner.pois.show-all	Alle anzeigen	Show all
459	Y	planner.pois.title	Punkte von Interesse	Points of interest
460	Y	planner.pois.zoom-in	Vergrößern Sie die Ansicht, um die Symbole auf der Karte anzuzeigen.	Zoom in to see the icons on the map.
461	Y	planner.quality	Status der Knoten- und Routenqualität	Node and route quality status
462	Y	planner.redo	Wiederholen	Redo
463	Y	planner.surface	Oberfläche	Surface
464	Y	planner.survey	Datum der letzten Vermessung	Date last survey
465	Y	planner.title	Routenplanner	Route planner
466	Y	planner.undo	Rückgängig machen	Undo
467	Y	poi.alcohol	Alkohol	Alcohol
468	Y	poi.alpine-hut	Almhütte	Alpine hut
469	Y	poi.american-football	Amerikanischer Fußball	American football
470	Y	poi.apartment	Wohnung	Apartment
471	Y	poi.arts-centre	Kunstzentrum	Arts centre
472	Y	poi.artwork	Grafik	Artwork
473	Y	poi.atm	Geldautomat	Atm
474	Y	poi.attraction	Sehenswürdigkeit	Attraction
475	Y	poi.bakery	Bäckerei	Bakery
476	Y	poi.bank	Bank	Bank
477	Y	poi.bar	Bar	Bar
478	Y	poi.baseball	Baseball	Baseball
479	Y	poi.basketball	Basketball	Basketball
480	Y	poi.bbq	BBQ	BBQ
481	Y	poi.beauty	Schönheitssalon	Beauty
482	Y	poi.bench	Sitzbank	Bench
483	Y	poi.beverages	Getränke	Beverages
484	Y	poi.bicycle	Fahrradladen	Bicycle
485	Y	poi.bicycle-parking	Fahrradparkplatz	Bicycle parking
486	Y	poi.bicycle-rental	Fahrradverleih	Bicycle rental
487	Y	poi.biergarten	Biergarten	Biergarten
488	Y	poi.books-stationary	Bücher/Schreibwaren	Books/stationary
489	Y	poi.buddhist-temple	Buddhistischer Tempel	Buddhist temple
490	Y	poi.busstop	Bushaltestelle	Bus stop
491	Y	poi.butcher	Metzger	Butcher
492	Y	poi.cafe	Cafe	Cafe
493	Y	poi.campsite	Campingplatz	Camp site
494	Y	poi.car	Wagen	Car
495	Y	poi.casino	Casino	Casino
496	Y	poi.castle	Schloss	Castle
497	Y	poi.cemetery	Friedhof	Cemetery
498	Y	poi.chalet	Chalet	Chalet
499	Y	poi.cheese	Käse	Cheese
500	Y	poi.chemist	Drogist	Chemist
501	Y	poi.chocolate	Schokolade	Chocolate
502	Y	poi.church	Kirche	Church
503	Y	poi.cinema	Kino	Cinema
504	Y	poi.clinic	Klinik	Clinic
505	Y	poi.clothes	Kleidung	Clothes
506	Y	poi.coffee	Kaffee	Coffee
507	Y	poi.confectionery	Süßwaren	Confectionery
508	Y	poi.copyshop	Kopierladen	Copyshop
509	Y	poi.cosmetics	Kosmetik	Cosmetics
510	Y	poi.cycling	Radfahren	Cycling
511	Y	poi.dairy	Molkerei	Dairy
512	Y	poi.defibrillator	Defibrillator	Defibrillator
513	Y	poi.deli	Deli	Deli
514	Y	poi.departmentstore	Kaufhaus	Department store
515	Y	poi.detail.email	E-Mail	E-mail
516	Y	poi.detail.facebook	Facebook	Facebook
517	Y	poi.detail.fax	Fax	Fax
518	Y	poi.detail.hollandsche-molen-database	Hollandsche Molen Datenbank	Hollandsche Molen database
519	Y	poi.detail.image	Bild	Image
520	Y	poi.detail.mapillary	Mapillary	Mapillary
521	Y	poi.detail.molen-database	Molen-Datenbank	Molen database
522	Y	poi.detail.none	Keine Details verfügbar	No details available
523	Y	poi.detail.onroerendErfgoed	Onroerend Erfgoed	Onroerend Erfgoed
524	Y	poi.detail.opengingHours	Öffnungszeiten	Opening hours
525	Y	poi.detail.phone	Telefon	Phone
526	Y	poi.detail.serviceHours	Servicezeiten	Service times
527	Y	poi.detail.website	Webseite	Website
528	Y	poi.detail.wheelchair	Rollstuhl	Wheelchair
529	Y	poi.detail.wikidata	Wikidata	Wikidata
530	Y	poi.detail.wikipedia	Wikipedia	Wikipedia
531	Y	poi.diy-hardware	DIY hardware	DIY hardware
532	Y	poi.drinking-water	Trinkwasser	Drinking water
533	Y	poi.ebike-charging	Ladestation für Fahrräder	Ebike charging
534	Y	poi.embassy	Botschaft	Embassy
535	Y	poi.fastfood	Fast food	Fast food
536	Y	poi.firestation	Feuerwehr	Firestation
537	Y	poi.foodcourt	Fressmeile	Food court
538	Y	poi.fuel	Kraftstoff	Fuel
539	Y	poi.gallery	Galerie	Gallery
540	Y	poi.garden-centre	Gartencenter	Garden centre
541	Y	poi.general	Allgemein	General
542	Y	poi.gift	Geschenk	Gift
543	Y	poi.golf	Golf	Golf
544	Y	poi.grocery	Lebensmittelgeschäft	Grocery
545	N	poi.group.amenity	[Amenity]	Amenity
546	N	poi.group.foodshops	[Foodshops]	Foodshops
547	N	poi.group.hiking-biking	[Hiking/biking]	Hiking/biking
548	N	poi.group.landmarks	[Landmarks]	Landmarks
549	N	poi.group.places-to-stay	[Places to stay]	Places to stay
550	N	poi.group.restaurants	[Restaurants]	Restaurants
551	N	poi.group.shops	[Shops]	Shops
552	N	poi.group.sports	[Sports]	Sports
553	N	poi.group.tourism	[Tourism]	Tourism
554	Y	poi.guesthouse	Gästehaus	Guest house
555	Y	poi.gymnastics	Gymnastik	Gymnastics
556	Y	poi.hairdresser	Friseur	Hairdresser
557	Y	poi.heritage	Kulturerbestätten	Heritage
558	Y	poi.hindu-temple	Hindu-Tempel	Hindu temple
559	Y	poi.historic	Historisch	Historic
560	Y	poi.hockey	Hockey	Hockey
561	Y	poi.horseracing	Pferderennen	Horse racing
562	Y	poi.hospital	Krankenhaus	Hospital
563	Y	poi.hostel	Herberge	Hostel
564	Y	poi.hotel	Hotel	Hotel
565	Y	poi.ice-cream	Eis	Ice cream
566	Y	poi.icehockey	Eishockey	Ice hockey
567	Y	poi.information	Information	Information
568	Y	poi.jewelry	Schmuck	Jewelry
569	Y	poi.kiosk	Kiosk	Kiosk
570	Y	poi.leather	Leder	Leather
571	Y	poi.library	Bibliothek	Library
572	Y	poi.marketplace	Marktplatz	Marketplace
573	Y	poi.monument-memorial	Denkmal	Monument
574	Y	poi.monumental-tree	Monumentaler Baum	Monumental tree
575	Y	poi.mosque	Moschee	Mosque
576	Y	poi.motel	Motel	Motel
577	Y	poi.museum	Museum	Museum
578	Y	poi.musical-instrument	Musikinstrument	Musical instrument
579	Y	poi.musicschool	Musikschule	Music school
580	Y	poi.optician	Optiker	Optician
581	Y	poi.organic	Bio	Organic
582	Y	poi.parking	Parkplatz	Parking
583	Y	poi.pets	Haustiere	Pets
584	Y	poi.pharmacy	Apotheke	Pharmacy
585	Y	poi.phone	Telefon	Phone
586	Y	poi.photo	Foto	Photo
587	Y	poi.picnic	Picknick	Picnic
588	Y	poi.place-of-worship	Ort der Anbetung	Place of worship
589	Y	poi.police	Polizei	Police
590	Y	poi.postbox	Briefkasten	Post box
591	Y	poi.postoffice	Post	Post office
592	Y	poi.pub	Kneipe	Pub
593	Y	poi.restaurant	Restaurant	Restaurant
594	Y	poi.sauna	Sauna	Sauna
595	Y	poi.seafood	Meeresfrüchte	Seafood
596	Y	poi.shoes	Schuhe	Shoes
597	Y	poi.shoppingcentre	Einkaufszentrum	Shopping centre
598	Y	poi.soccer	Fußball	Soccer
599	Y	poi.sportscentre	Sportzentrum	Sports centre
600	Y	poi.statue	Statue	Statue
601	Y	poi.supermarket	Supermarkt	Supermarket
602	Y	poi.surfing	Surfen	Surfing
603	Y	poi.swimming	Schwimmen	Swimming
604	Y	poi.synagogue	Synagoge	Synagogue
605	Y	poi.taxi	Taxi	Taxi
606	Y	poi.tennis	Tennis	Tennis
607	Y	poi.textiles	Textilien	Textiles
608	Y	poi.theatre	Theater	Theatre
609	Y	poi.themepark	Themenpark	Themepark
610	Y	poi.toilets	Toiletten	Toilets
611	Y	poi.tourism	Tourismus	Tourism
612	Y	poi.toys	Spielzeug	Toys
613	Y	poi.travelagency	Reisebüro	Travelagency
614	Y	poi.university	Universität	University
615	Y	poi.viewpoint	Aussichtspunkt	Viewpoint
616	Y	poi.vineyard	Weinberg	Vineyard
617	Y	poi.volleyball	Volleyball	Volleyball
618	Y	poi.watermill	Wassermühle	Watermill
619	Y	poi.windmill	Windmühle	Windmill
620	Y	poi.wine	Wein	Wine
621	Y	poi.zoo	Zoo	Zoo
622	N	role-connection-indicator.blue.text	"[This node is a connection to another network. This node has role ""connection"" in the network relation.]"	"This node is a connection to another network. This node has role ""connection"" in the network relation."
623	N	role-connection-indicator.blue.title	[OK - Connection]	OK - Connection
624	N	role-connection-indicator.gray.text	"[This node does not have role ""connection"" in het network relation.]"	"This node does not have role ""connection"" in het network relation."
625	N	role-connection-indicator.gray.title	[OK - No connection role]	OK - No connection role
626	N	role-connection-indicator.letter	[C]	C
627	N	route-accessible-indicator.gray.text	[Accessibility information is unknown for this type of route.]	Accessibility information is unknown for this type of route.
628	N	route-accessible-indicator.gray.title	[OK - Accessibility unknown]	OK - Accessibility unknown
629	N	route-accessible-indicator.green.text.canoe	[This route is completely accessible for canoe.]	This route is completely accessible for canoe.
630	N	route-accessible-indicator.green.text.cycling	[This route is completely accessible for bicycle.]	This route is completely accessible for bicycle.
631	N	route-accessible-indicator.green.text.hiking	[This route is completely accessible for hiking.]	This route is completely accessible for hiking.
632	N	route-accessible-indicator.green.text.motorboat	[This route is completely accessible for motorboat.]	This route is completely accessible for motorboat.
633	N	route-accessible-indicator.green.title	[OK - Accessible]	OK - Accessible
634	N	route-accessible-indicator.letter	[A]	A
635	N	route-accessible-indicator.red.text.canoe	[This route is not completely accessible for canoe.]	This route is not completely accessible for canoe.
636	N	route-accessible-indicator.red.text.cycling	[This route is not completely accessible for bicycle.]	This route is not completely accessible for bicycle.
637	N	route-accessible-indicator.red.text.hiking	[This route is not completely accessible for hiking.]	This route is not completely accessible for hiking.
638	N	route-accessible-indicator.red.text.motorboat	[This route is not completely accessible for motorboat.]	This route is not completely accessible for motorboat.
639	N	route-accessible-indicator.red.title	[NOK - Not Accessible]	NOK - Not Accessible
640	N	route-change.no-geometry-diff	[No geometry change]	No geometry change
641	N	route-change.unchanged	[(Unchanged)]	(Unchanged)
642	N	route-change.version	[Version]	Version
643	N	route-change.way-added.this-changeset	[this changeset]	this changeset
644	N	route-change.way-added.title	[Added way]	Added way
645	N	route-change.way-removed.title	[Removed way]	Removed way
646	N	route-change.way-update.added-nodes	[Added node(s)]	Added node(s)
647	N	route-change.way-update.changed-to	[Changed to]	Changed to v.
648	N	route-change.way-update.direction-reversed	[Direction reversed]	Direction reversed
649	N	route-change.way-update.removed-nodes	[Removed node(s)]	Removed node(s)
650	N	route-change.way-update.title	[Updated way]	Updated way
651	N	route-change.way-update.updated-nodes	[Updated node(s)]	Updated node(s)
652	N	route-change.way-update.version-unchanged	[Way version unchanged]	Way version unchanged
653	N	route-changes.login-required	[The route history is available to registered OpenStreetMap contributors only, after]	The details of the route changes history is available to registered OpenStreetMap contributors only, after .
654	N	route-changes.node-diff.added	[added]	added
655	N	route-changes.node-diff.end-nodes	[End nodes]	End nodes
656	N	route-changes.node-diff.end-tentacle-nodes	[End tentacle nodes]	End tentacle nodes
657	N	route-changes.node-diff.removed	[removed]	removed
658	N	route-changes.node-diff.start-nodes	[Start nodes]	Start nodes
659	N	route-changes.node-diff.start-tentacle-nodes	[Start tentacle nodes]	Start tentacle nodes
660	N	route-changes.route-diff.member-order-changed	[Member order changed.]	Member order changed.
661	N	route-changes.route-diff.name-diff	"[Route name changed from """" to """".]"	"Route name changed from """" to """"."
662	N	route-changes.route-diff.role-added	"[Route role """" added to networkrelation.]"	"Route role """" added to networkrelation."
663	N	route-changes.route-diff.role-deleted	"[Route role """" removed from networkrelation.]"	"Route role """" removed from networkrelation."
664	N	route-changes.route-diff.role-updated	"[Route role in networkrelation changed from """" to """".]"	"Route role in networkrelation changed from """" to """"."
665	N	route-changes.route-not-found	[Route not found]	Route not found
666	N	route-connection-indicator.blue.text	[This route is a connection to another network.]	This route is a connection to another network.
667	N	route-connection-indicator.blue.title	[OK - Connection]	OK - Connection
668	N	route-connection-indicator.gray.text	[This route is not a connection to another network.]	This route is not a connection to another network.
669	N	route-connection-indicator.gray.title	[OK - No connection]	OK - No connection
670	N	route-connection-indicator.letter	[C]	C
671	N	route-connection.indicator.letter	[C]	C
672	N	route-diffs-added.existing-relation	[Existing relation]	Existing relation
673	N	route-diffs-added.new-relation	[New relation]	New relation
674	N	route-diffs-added.title	[Added routes]	Added routes
675	N	route-diffs-added.updated-relation	[Relation updated in this changeset]	Relation updated in this changeset v
676	N	route-diffs-removed.title	[Removed routes]	Removed routes
677	N	route-diffs-updated.title	[Updated routes]	Updated routes
678	N	route-indicator.gray.text	[This node is not included as a member in any route relations. This is OK as including de node as member in the route relations is optional.]	This node is not included as a member in any route relations. This is OK as including the node as member in the route relations is optional.
679	N	route-indicator.gray.title	[OK - Not defined in route relation]	OK - Not defined in route relation
680	N	route-indicator.green.text	[This node is included as a member in one or more route relations.]	This node is included as a member in one or more route relations.
681	N	route-indicator.green.title	[OK - Defined in route relation]	OK - Defined in route relation
682	N	route-indicator.letter	[R]	R
683	N	route-investigate-indicator.green.text	[No issues found during route analysis.]	No issues found during route analysis.
684	N	route-investigate-indicator.green.title	[OK - No facts]	OK - No facts
685	N	route-investigate-indicator.letter	[F]	F
686	N	route-investigate-indicator.red.text	[Something is wrong with this route.]	Something is wrong with this route.
687	N	route-investigate-indicator.red.title	[NOK - Investigate facts]	NOK - Investigate facts
688	N	route-map-page.route-not-found	[Route not found]	Route not found
689	N	route.broken	[This route seems broken.]	This route seems broken.
690	N	route.end-node	[End node]	End node
691	N	route.facts	[Facts]	Facts
692	N	route.incomplete	"[Route definition is incomplete (has tag _""fixme=incomplete""_).]"	"Route definition is incomplete (has tag _""fixme=incomplete""_)."
693	N	route.last-updated	[Last updated]	Last updated
694	N	route.location	[Location]	Location
695	N	route.location.none	[None]	None
696	N	route.members.none	[None]	None
697	N	route.members.table.id	[Id]	Id
698	N	route.members.table.length	[Length]	Length
699	N	route.members.table.name	[Name]	Name
700	N	route.members.table.node	[Node]	Node
701	N	route.members.table.node-count	[#Nodes]	#Nodes
702	N	route.members.table.nodes	[Nodes]	Nodes
703	N	route.members.table.one-way	[One Way]	One Way
704	N	route.members.table.one-way.reverse	[Reverse]	Reverse
705	N	route.members.table.one-way.yes	[Yes]	Yes
706	N	route.members.table.role	[Role]	Role
707	N	route.members.table.unaccessible	[Unaccessible]	Unaccessible
708	N	route.members.title	[Route Members]	Route Members
709	Y	route.menu.changes	Änderungen	Changes
710	Y	route.menu.details	Details	Details
711	Y	route.menu.map	Karte	Map
712	N	route.meters	[m]	m
713	N	route.network	[Network]	Network
714	N	route.no-network-references	[Geen]	None
715	N	route.not-active	[This route is not active anymore.]	This route is not active anymore.
716	N	route.number-of-ways	[Number of ways]	Number of ways
717	N	route.redundant-node	[Redundant node]	Redundant node
718	N	route.relation-last-updated	[Relation last updated]	Relation last updated
719	N	route.route-not-found	[Route not found]	Route not found
720	N	route.situation-on	[Situation on]	Situation on
721	N	route.start-node	[Start node]	Start node
722	N	route.structure	[Structure]	Structure
723	N	route.summary	[Summary]	Summary
724	N	route.tags	[Tags]	Tags
725	N	route.title	[Route]	Route
726	Y	sidebar.back	zurück	back
727	Y	situation-on	Situation am	Situation on
728	Y	stats.integrity-check-coverage.comment	Abdeckung der Integritätsprüfung (Prozentsatz der Knoten, die Informationen zur Integritätsprüfung enthalten).	Integrity check coverage (percentage of nodes that do have integrity check information).
729	Y	stats.integrity-check-coverage.name	IntegrityCheckCoverage	IntegrityCheckCoverage
730	Y	stats.integrity-check-failed.comment	Anzahl der fehlgeschlagenen Integritätsprüfungen.	Number of failed integrity checks.
731	Y	stats.integrity-check-failed.name	IntegrityCheckFailed	IntegrityCheckFailed
732	N	stats.integrity-check-network-count.comment	Anzahl der Netzwerke, die eine Integritätsprüfung enthalten.	Number of networks that include integrity check.
733	Y	stats.integrity-check-network-count.name	IntegrityCheck	IntegrityCheck
734	Y	stats.integrity-check-pass-rate.comment	Integritätsprüfungs-Erfolgsquote (Prozentsatz der OK-Prüfungen).	Integrity check pass rate (percentage of ok checks).
735	Y	stats.integrity-check-pass-rate.name	IntegrityCheckPassRate	IntegrityCheckPassRate
736	Y	stats.integrity-check.comment	Anzahl der Knoten mit Integritätsprüfung.	Number of nodes with integrity check.
737	Y	stats.integrity-check.name	IntegrityCheck	IntegrityCheck
738	Y	stats.km.comment	Gesamtlänge in Kilometern.	Total length in kilometers.
739	Y	stats.km.name	Länge (km)	Length (km)
740	N	stats.name-missing.comment	"[Number of networks without _""name""_ tag in the network relation.]"	"Number of networks without _""name""_ tag in the network relation."
741	N	stats.name-missing.name	[NameMissing]	NameMissing
742	Y	stats.network-count.comment	Anzahl der Netzwerke.	Number of networks.
743	Y	stats.network-count.name	NetworkCount	NetworkCount
744	Y	stats.network-extra-member-node.comment	"Anzahl der unerwarteten Netzwerkrelationmitglieder vom Typ _""node""_ (wir erwarten nur [Netzwerkknoten](glossary#node) oder [Informationskarten](glossary#info-map) als Mitglieder)."	"Number of network relation members of type _""node""_ that are unexpected (expect only [network nodes](glossary#node) or [information maps](glossary#info-map) as members in the network relation)."
745	Y	stats.network-extra-member-node.name	NetworkExtraMemberNode	NetworkExtraMemberNode
746	N	stats.network-extra-member-relation.comment	"[Number of network relation members of type _""relation""_ that are unexpected (expect only valid route relations or network nodes as members in the node network relation).]"	"Number of network relation members of type _""relation""_ that are unexpected (expect only valid route relations or network nodes as members in the node network relation)."
747	N	stats.network-extra-member-relation.name	[NetworkExtraMemberRelation]	NetworkExtraMemberRelation
748	N	stats.network-extra-member-way.comment	"Number of network relation members of type _""way""_ (expect only route relations or network nodes as members in the node network relation).]"	"Number of network relation members of type _""way""_ (expect only route relations or network nodes as members in the node network relation)."
749	N	stats.network-extra-member-way.name	[NetworkExtraMemberWay]	NetworkExtraMemberWay
750	Y	stats.node-count.comment	Anzahl der Netzwerkknoten.	Number of network nodes.
751	Y	stats.node-count.name	Knotenanzahl	Node count
752	N	stats.node-member-missing.comment	[Number of nodes that are not included in the network relation]	Number of nodes that are not included in the network relation
753	N	stats.node-member-missing.name	[NodeMemberMissing]	NodeMemberMissing
754	Y	stats.orphan-node-count.comment	Anzahl der Netzwerkknoten, die nicht zu einem Netzwerk gehören. \ Der [Knoten](glossary#node) wurde nicht als Mitglied zu einer gültigen [Netzwerkrelation](glossary#network-relation) hinzugefügt und auch nicht als Mitglied zu einer gültigen [Routenrelation](glossary#route-relation) hinzugefügt (das selbst als Mitglied zu einer gültigen Netzwerkrelation hinzugefügt wurde oder eine verwaiste Route ist).	Number of network nodes that do not belong to a network.\ The [node](glossary#node) was not added as a member to a valid [network relation](glossary#network-relation) and also not added as a member to a valid [route relation](glossary#route-relation) (that itself was added as a member to a valid network relation or is an orphan route).
755	Y	stats.orphan-node-count.name	Verwaiste Knoten	Orphan nodes
756	Y	stats.orphan-route-count.comment	Anzahl der Netzwerkrouten, die nicht zu einem Netzwerk gehören. \ Die Route wurde nicht als Mitglied zu einer gültigen [Netzwerkrelation](glossary#network-relation) hinzugefügt.	Number of network routes that do not belong to a network.\ The route was not added as a member to a valid [network relation](glossary#network-relation).
757	Y	stats.orphan-route-count.name	Verwaiste Routen	Orphan routes
758	Y	stats.orphan-route-km.comment	Gesamtlänge (km) der verwaisten Routen (nicht in der obigen Netzlänge enthalten).	Total length (km) of the orphan routes (not included in network length above).
759	Y	stats.orphan-route-km.name	Länge der verwaisten Routen (km)	Orphan route length (km)
760	Y	stats.route-broken-count.comment	Anzahl der Routen mit Problemen.	Number of routes with issues.
761	Y	stats.route-broken-count.name	RouteBrokenCount	RouteBrokenCount
762	Y	stats.route-broken-network-count.comment	Anzahl der Netzwerke, die Routen mit Problemen enthalten.	Number of networks containing routes with issues.
763	Y	stats.route-broken-network-count.name	RouteBrokenNetworkCount	RouteBrokenNetworkCount
764	Y	stats.route-broken-percentage.comment	Prozentsatz der Routen mit Problemen.	Percentage of routes with issues.
765	Y	stats.route-broken-percentage.name	RouteBrokenPercentage	RouteBrokenPercentage
766	Y	stats.route-count.comment	Anzahl der Routen.	Number of routes.
767	Y	stats.route-count.name	Routenanzahl	Route count
768	N	stats.route-fixmetodo.comment	"Anzahl der Routen, die mit _""fixmetodo""_ gekennzeichnet sind."	"Number of routes that are marked with _""fixmetodo""_."
769	Y	stats.route-fixmetodo.name	RouteFixmetodo	RouteFixmetodo
770	Y	stats.route-incomplete-ok.comment	"Anzahl der Routen, die als unvollständig definiert sind, aber nach der Analyse in Ordnung aussehen. \ Eine Routendefinition wird explizit als unvollständig markiert, indem ein Tag _""fixme""_ mit dem Wert _""incomplete""_ hinzugefügt wird in der Routenrelation."	"Number of routes that are marked as having an incomplete definition, but that look ok after analysis.\ A route definition is explicitely marked incomplete by adding a tag _""fixme""_ with value _""incomplete""_ in the route relation."
771	Y	stats.route-incomplete-ok.name	RouteIncompleteOk	RouteIncompleteOk
772	N	stats.route-incomplete.comment	"Anzahl der Routen, die als unvollständig definiert sind.\ Eine Routendefinition wird explizit als unvollständig markiert, indem ein Tag _""fixme""_ mit dem Wert _""unvollständig""_ in die Routenrelation eingefügt wird."	"Number of routes that are marked as having an incomplete definition.\ A route definition is explicitely marked incomplete by adding a tag _""fixme""_ with value _""incomplete""_ in the route relation."
773	Y	stats.route-incomplete.name	RouteIncomplete	RouteIncomplete
774	N	stats.route-invalid-sorting-order.comment	[Number of routes with ways in wrong sorting order.]	Number of routes with ways in wrong sorting order.
775	N	stats.route-invalid-sorting-order.name	[RouteInvalidSortingOrder]	RouteInvalidSortingOrder
776	Y	stats.route-name-missing.comment	"Routen ohne _""note""_ -Tag mit dem Routennamen."	"Routes without a _""note""_ tag with the route name."
777	Y	stats.route-name-missing.name	RouteNameMissing	RouteNameMissing
778	Y	stats.route-node-missing-in-ways.comment	Anzahl der Routen, für die der Endknoten und / oder der Startknoten auf keiner der Routen gefunden wurde.	Number of routes for which the end node and/or the begin node is not found in any of the ways of the route.
779	Y	stats.route-node-missing-in-ways.name	RouteNodeMissingInWays	RouteNodeMissingInWays
780	N	stats.route-node-name-mismatch.comment	[Routes where the route name does not match with the names of the start node and the end node. The route name is expected to contain the start node name and the end node name, separated by a dash. The start node is expected to have a lower number than the end node.]	Routes where the route name does not match with the names of the start node and the end node. The route name is expected to contain the start node name and the end node name, separated by a dash. The start node is expected to have a lower number than the end node.
781	N	stats.route-node-name-mismatch.name	[RouteNodeNameMismatch]	RouteNodeNameMismatch
782	Y	stats.route-not-continious-network-count.comment	Anzahl der Netzwerke mit unterbrochenen Routen.	Number of networks with broken routes.
783	Y	stats.route-not-continious-network-count.name	RouteNotContiniousNetworkCount	RouteNotContiniousNetworkCount
784	Y	stats.route-not-continious-percentage.comment	Prozentsatz der unterbrochenen Routen.	Percentage of broken routes.
785	Y	stats.route-not-continious-percentage.name	RouteNotContiniousPercentage	RouteNotContiniousPercentage
786	Y	stats.route-not-continious.comment	Anzahl der unterbrochenen Routen.	Number of broken routes.
787	Y	stats.route-not-continious.name	RouteNotContinious	RouteNotContinious
788	Y	stats.route-redundant-nodes.comment	Anzahl der Routen, auf denen die Routenwege zusätzliche Knoten außer den Start- und Endknoten enthalten.	Number of routes where the ways of the route contain extra nodes other than the start and end nodes.
789	Y	stats.route-redundant-nodes.name	RouteRedundantNodes	RouteRedundantNodes
790	Y	stats.route-tag-invalid.comment	"Der Wert im Tag _""route""_ in der Routenrelation ist unerwartet."	"The value in the _""route""_ tag in the route relation is unexpected."
791	Y	stats.route-tag-invalid.name	RouteTagInvalid	RouteTagInvalid
792	Y	stats.route-tag-missing.comment	"Die Routenrelation enthält kein _ ""route"" _ -Tag."	"The route relation does not contain a _""route""_ tag."
793	Y	stats.route-tag-missing.name	RouteTagMissing	RouteTagMissing
794	N	stats.route-unaccessible.comment	[Number of [unaccessible](glossary#accessible) routes.]	Number of [unaccessible](glossary#accessible) routes.
795	N	stats.route-unaccessible.name	[RouteUnaccessible]	RouteUnaccessible
796	Y	stats.route-unexpected-node.comment	"Anzahl der Routen mit einem oder mehreren unerwarteten Knotenmitgliedern. \ In Routenrelationen erwarten wir nur Knoten mit dem Tag _""rwn_ref""_ oder _""rcn_ref""_."	"Number of routes with one or more unexpected node members.\ In route relations we expect only nodes with tag _""rwn_ref""_ or _""rcn_ref""_."
797	Y	stats.route-unexpected-node.name	RouteUnexpectedNode	RouteUnexpectedNode
798	N	stats.route-unexpected-relation.comment	"Anzahl der Routen mit einem oder mehreren unerwarteten Mitgliedern. \ In Routenrelationen erwarten wir nur Mitglieder vom Typ _""way""_ oder Mitglieder vom Typ _""node""_ mit einem Tag _""rwn_ref""_ oder _""rcn_ref""_."	"Number of routes with one or more unexpected members.\In route relations we expect only members of type _""way""_, or members of type _""node""_ with a tag _""rwn_ref""_ or _""rcn_ref""_."
799	Y	stats.route-unexpected-relation.name	RouteUnexpectedRelation	RouteUnexpectedRelation
800	Y	stats.route-unused-segments.comment	Anzahl der Routen, auf denen einer oder mehrere der Wege (oder ein Teil der Wege) nicht im Vorwärts- oder Rückwärtspfad oder in einem der Tentakel verwendet werden.	Number of routes where one or more of the ways (or part of ways) are not used in the forward or backward path or in one of the tentacles.
801	Y	stats.route-unused-segments.name	RouteUnusedSegments	RouteUnusedSegments
802	Y	stats.route-without-ways.comment	Routen ohne Wege (für eine Route wird mindestens ein Weg erwartet).	Routes without ways (a route is expected to have at least 1 way).
803	Y	stats.route-without-ways.name	RouteWithoutWays	RouteWithoutWays
804	N	subset-changes.login-required	[This details of the changes history are available to registered OpenStreetMap contributors only, after .]	This details of the changes history are available to registered OpenStreetMap contributors only, after .
805	N	subset-changes.title	[Changes]	Changes
806	N	subset-facts.in-networks	[{VAR_PLURAL, plural, one {in 1 network} other {in networks} }]	{VAR_PLURAL, plural, one {in 1 network} other {in networks} }
807	N	subset-facts.no-facts	[No facts]	No facts
808	N	subset-facts.node-refs	[{VAR_PLURAL, plural, one {node} other {nodes} }]	{VAR_PLURAL, plural, one {node} other {nodes} }
809	N	subset-facts.orphan-routes	[Orphan routes]	Orphan routes
810	N	subset-facts.osm-node-refs	[{VAR_PLURAL, plural, one {node} other {nodes} }]	{VAR_PLURAL, plural, one {node} other {nodes} }
811	N	subset-facts.osm-relation-refs	[{VAR_PLURAL, plural, one {relation} other {relations} }]	{VAR_PLURAL, plural, one {relation} other {relations} }
812	N	subset-facts.osm-way-refs	[{VAR_PLURAL, plural, one {way} other {ways} }]	{VAR_PLURAL, plural, one {way} other {ways} }
813	N	subset-facts.route-refs	[{VAR_PLURAL, plural, one {route} other {routes} }]	{VAR_PLURAL, plural, one {route} other {routes} }
814	N	subset-facts.routes	[{VAR_PLURAL, plural, one {1 route} other { routes} }]	{VAR_PLURAL, plural, one {1 route} other { routes} }
815	N	subset-facts.title	[Facts]	Facts
816	N	subset-map.dialog.close	[Close]	Close
817	N	subset-map.dialog.nodeCount	[nodes]	nodes
818	N	subset-map.dialog.routeCount	[routes]	routes
819	N	subset-map.dialog.show-network-details	[Show network details]	Show network details
820	Y	subset-map.title	Karte	Map
821	N	subset-network.summary	[km, nodes, routes]	km, nodes, routes
822	N	subset-networks.no-networks	[No networks]	No networks
823	N	subset-networks.summary	[_There are ____ networks, with a total of ____ nodes and ____ routes with an overall length of ____ km._]	_There are ____ networks, with a total of ____ nodes and ____ routes with an overall length of ____ km._
824	N	subset-networks.table.broken	[Broken]	Broken
825	N	subset-networks.table.connections	[Connections]	Connections
826	N	subset-networks.table.integrity	[Integrity]	Integrity
827	N	subset-networks.table.integrity-nodes	[Nodes]	Nodes
828	N	subset-networks.table.length	[Length]	Length
829	N	subset-networks.table.network	[Network]	Network
830	N	subset-networks.table.nodes	[Nodes]	Nodes
831	N	subset-networks.table.ok	[OK]	OK
832	N	subset-networks.table.routes	[Routes]	Routes
833	N	subset-networks.title	[Networks]	Networks
834	N	subset-orphan-nodes.extra-tags	[Extra tags:]	Extra tags:
835	N	subset-orphan-nodes.no-routes	[No orphan nodes]	No orphan nodes
836	N	subset-orphan-nodes.title	[Orphan nodes]	Orphan nodes
837	N	subset-orphan-routes.extra-tags	[Extra tags:]	Extra tags:
838	N	subset-orphan-routes.no-routes	[No orphan routes]	No orphan routes
839	N	subset-orphan-routes.route-is-broken	[route is broken]	route is broken
840	N	subset-orphan-routes.title	[Orphan routes]	Orphan routes
841	Y	subset-page.menu.changes	Änderungen	Changes
842	Y	subset-page.menu.facts	Fakten	Facts
843	Y	subset-page.menu.map	Karte	Map
844	Y	subset-page.menu.networks	Netzwerke	Networks
845	Y	subset-page.menu.orphan-nodes	Verwaiste Knoten	Orphan nodes
846	Y	subset-page.menu.orphan-routes	Waisenrouten	Orphan routes
847	Y	subset.in	in	in
848	N	tag-diffs.added-tag	[Added tag]	Added tag
849	N	tag-diffs.added-tags	[Added tags]	Added tags
850	N	tag-diffs.after	[After]	After
851	N	tag-diffs.before	[Before]	Before
852	N	tag-diffs.deleted-tag	[Deleted tag]	Deleted tag
853	N	tag-diffs.deleted-tags	[Deleted tags]	Deleted tags
854	N	tag-diffs.key	[Key]	Key
855	N	tag-diffs.same-tag	[Same tag]	Same tag
856	N	tag-diffs.same-tags	[Same tags]	Same tags
857	N	tag-diffs.table	[Tag differences]	Tag differences
858	N	tag-diffs.updated-tag	[Updated tag]	Updated tag
859	N	tag-diffs.updated-tags	[Updated tags]	Updated tags
860	N	tag-diffs.value	[Value]	Value
861	Y	tags.key	Schlüssel	Key
862	Y	tags.no-tags	Keine Tags	No tags
863	Y	tags.value	Wert	Value
864	Y	toolbar.title	knooppuntnet	knooppuntnet
865	N	version-change.relation-changed-to	[Relation changed to]	Relation changed to v
866	N	version-change.relation-unchanged	[Relation unchanged]	Relation unchanged.
